{"Blender": 0.2149999999999999, "Ceiling Fan": 7.989, "Desktop PC": 2.4515000000000002, "Electric Kettle": 0.2149999999999999, "Incandescent Bulb": 9.838, "Inverter AC (9000\u201312000 BTU)": 3.5275, "Iron": 0.214, "LED Bulb": 9.7895, "LED TV (40\u201350 in)": 3.0329999999999995, "Laptop": 2.4425000000000003, "Microwave Oven": 0.213, "Non-inverter AC (12000 BTU)": 3.407, "Pedestal Fan": 7.890499999999999, "Refrigerator (200\u2013300L)": 4.0, "Rice Cooker": 0.926, "Washing Machine (Front-load)": 0.655, "Water Heater (Instant)": 0.2535, "Water Pump": 0.499}